Date,PM2.5,NBeats_diff
2022-02-12 01:45:00,0.827777777777778,0.7642268
2022-02-12 01:50:00,0.8333333333333335,0.8171067
2022-02-12 01:55:00,0.827777777777778,0.7038306
2022-02-12 02:00:00,0.7388888888888887,0.7842122
2022-02-12 02:05:00,0.711111111111111,0.8394999
2022-02-12 02:10:00,0.661111111111111,0.704691
2022-02-12 02:15:00,0.9333333333333333,0.6750993
2022-02-12 02:20:00,1.5210526315789477,0.6643919
2022-02-12 02:25:00,1.372222222222222,0.6358089
2022-02-12 02:30:00,1.1500000000000001,0.6550971
2022-02-12 02:35:00,0.9666666666666668,0.6676581
2022-02-12 02:40:00,0.8666666666666667,0.65844315
2022-02-12 02:45:00,0.7444444444444442,0.9008739
2022-02-12 02:50:00,0.7888888888888889,0.8373808
2022-02-12 02:55:00,0.8388888888888888,0.77536577
2022-02-12 03:00:00,0.8722222222222223,0.8673718
2022-02-12 03:05:00,0.9315789473684212,0.8751429
2022-02-12 03:10:00,0.9000000000000001,0.8416303
2022-02-12 03:15:00,0.9777777777777779,0.9171785
2022-02-12 03:20:00,0.9600000000000001,0.84982824
2022-02-12 03:25:00,1.0466666666666666,0.883051
2022-02-12 03:30:00,1.3722222222222222,0.90894014
2022-02-12 03:35:00,1.7222222222222223,0.9384454
2022-02-12 03:40:00,1.7333333333333334,0.9839708
2022-02-12 03:45:00,1.5222222222222221,1.5977281
2022-02-12 03:50:00,1.2333333333333334,1.8258328
2022-02-12 03:55:00,1.011111111111111,1.5478543
2022-02-12 04:00:00,0.9894736842105262,1.5028933
2022-02-12 04:05:00,0.8055555555555558,1.4056882
2022-02-12 04:10:00,0.776470588235294,1.2668722
2022-02-12 04:15:00,0.6222222222222221,0.7246276
2022-02-12 04:20:00,0.5333333333333333,0.7972385
2022-02-12 04:25:00,0.4555555555555556,0.8515857
2022-02-12 04:30:00,0.38947368421052636,0.7928193
2022-02-12 04:35:00,0.3222222222222222,0.82286376
2022-02-12 04:40:00,0.3266666666666667,0.80335724
2022-02-12 04:45:00,0.2833333333333334,0.33507115
2022-02-12 04:50:00,0.3,0.40509295
2022-02-12 04:55:00,0.2882352941176471,0.4175942
2022-02-12 05:00:00,0.294736842105263,0.39607424
2022-02-12 05:05:00,0.30000000000000004,0.5401785
2022-02-12 05:10:00,0.27058823529411763,0.471083
2022-02-12 05:15:00,0.2894736842105264,0.2849259
2022-02-12 05:20:00,0.34,0.28566995
2022-02-12 05:25:00,0.33333333333333326,0.32639298
2022-02-12 05:30:00,0.29999999999999993,0.32249558
2022-02-12 05:35:00,0.4000000000000001,0.36775693
2022-02-12 05:40:00,0.38333333333333336,0.37123185
2022-02-12 05:45:00,0.42,0.40804017
2022-02-12 05:50:00,0.4333333333333334,0.41021615
2022-02-12 05:55:00,0.44,0.42804077
2022-02-12 06:00:00,0.3944444444444445,0.432287
2022-02-12 06:05:00,0.41111111111111115,0.44058958
2022-02-12 06:10:00,0.3555555555555555,0.43394765
2022-02-12 06:15:00,0.3722222222222223,0.38406914
2022-02-12 06:20:00,0.35000000000000003,0.35443544
2022-02-12 06:25:00,0.3611111111111111,0.40068612
2022-02-12 06:30:00,0.26842105263157895,0.38539258
2022-02-12 06:35:00,0.27777777777777773,0.37090746
2022-02-12 06:40:00,0.3277777777777777,0.4178676
2022-02-12 06:45:00,0.6666666666666667,0.3531826
2022-02-12 06:50:00,0.768421052631579,0.3432385
2022-02-12 06:55:00,0.9055555555555556,0.38954413
2022-02-12 07:00:00,0.8631578947368422,0.397938
2022-02-12 07:05:00,0.7588235294117647,0.42241934
2022-02-12 07:10:00,0.7473684210526316,0.42548907
2022-02-12 07:15:00,0.6222222222222221,0.70900977
2022-02-12 07:20:00,0.6842105263157892,0.73769295
2022-02-12 07:25:00,0.5777777777777777,0.6960066
2022-02-12 07:30:00,0.5,0.6686767
2022-02-12 07:35:00,0.5555555555555555,0.71133107
2022-02-12 07:40:00,0.5444444444444444,0.7116158
2022-02-12 07:45:00,0.827777777777778,0.5375944
2022-02-12 07:50:00,0.711111111111111,0.57011956
2022-02-12 07:55:00,0.7578947368421051,0.6313105
2022-02-12 08:00:00,0.7333333333333335,0.61486
2022-02-12 08:05:00,0.6888888888888888,0.66357374
2022-02-12 08:10:00,0.49333333333333323,0.64245814
2022-02-12 08:15:00,0.39444444444444443,0.5040308
2022-02-12 08:20:00,0.3277777777777777,0.4490698
2022-02-12 08:25:00,0.3333333333333333,0.4974721
2022-02-12 08:30:00,0.3444444444444444,0.4956711
2022-02-12 08:35:00,0.28888888888888886,0.4792386
2022-02-12 08:40:00,0.2666666666666667,0.5398465
2022-02-12 08:45:00,0.2888888888888889,0.27441096
2022-02-12 08:50:00,0.4555555555555556,0.30581236
2022-02-12 08:55:00,0.6444444444444444,0.31957835
2022-02-12 09:00:00,0.4722222222222222,0.30998954
2022-02-12 09:05:00,0.3944444444444445,0.39352843
2022-02-12 09:10:00,0.34210526315789475,0.3640431
2022-02-12 09:15:00,0.35,0.38018984
2022-02-12 09:20:00,0.461111111111111,0.33455366
2022-02-12 09:25:00,0.5277777777777777,0.3230927
2022-02-12 09:30:00,0.5789473684210524,0.38339856
2022-02-12 09:35:00,0.6333333333333332,0.42107376
2022-02-12 09:40:00,0.5066666666666668,0.40324566
2022-02-12 09:45:00,0.5157894736842106,0.535704
2022-02-12 09:50:00,0.48888888888888893,0.49900377
2022-02-12 09:55:00,0.4263157894736842,0.5251856
2022-02-12 10:00:00,0.39444444444444443,0.52507144
2022-02-12 10:05:00,0.3882352941176471,0.52693444
2022-02-12 10:10:00,0.41666666666666674,0.5658118
2022-02-12 10:15:00,0.3105263157894737,0.4411996
2022-02-12 10:20:00,0.4666666666666668,0.44114295
2022-02-12 10:25:00,0.5333333333333333,0.49154225
2022-02-12 10:30:00,0.4666666666666667,0.47238916
2022-02-12 10:35:00,0.41666666666666674,0.48834747
2022-02-12 10:40:00,0.4333333333333334,0.50821286
2022-02-12 10:45:00,0.40000000000000013,0.47950202
2022-02-12 10:50:00,0.3777777777777777,0.45539272
2022-02-12 10:55:00,0.39444444444444443,0.44787174
2022-02-12 11:00:00,0.3277777777777777,0.50053215
2022-02-12 11:05:00,0.31764705882352934,0.5341191
2022-02-12 11:10:00,0.27222222222222225,0.50322735
2022-02-12 11:15:00,0.31111111111111106,0.28080457
2022-02-12 11:20:00,0.3,0.2855583
2022-02-12 11:25:00,0.3111111111111111,0.36769143
2022-02-12 11:30:00,0.3533333333333334,0.30883121
2022-02-12 11:35:00,0.3833333333333334,0.31806493
2022-02-12 11:40:00,0.5111111111111112,0.37238094
2022-02-12 11:45:00,0.5941176470588234,0.53480065
2022-02-12 11:50:00,0.5777777777777777,0.5556785
2022-02-12 11:55:00,0.588888888888889,0.52552015
2022-02-12 12:00:00,1.8444444444444446,0.55558205
2022-02-12 12:05:00,2.235294117647059,0.58799666
2022-02-12 12:10:00,1.8666666666666665,0.53528416
2022-02-12 12:15:00,2.027777777777778,1.7413119
2022-02-12 12:20:00,1.5157894736842101,2.3119795
2022-02-12 12:25:00,1.2933333333333334,1.5007474
2022-02-12 12:30:00,1.0222222222222221,1.1617337
2022-02-12 12:35:00,0.7411764705882352,1.1895041
2022-02-12 12:40:00,0.7499999999999999,1.1573361
2022-02-12 12:45:00,0.8222222222222222,0.7867541
2022-02-12 12:50:00,0.9999999999999998,0.71229064
2022-02-12 12:55:00,0.9733333333333334,0.7151081
2022-02-12 13:00:00,0.7055555555555555,0.6495731
2022-02-12 13:05:00,0.7941176470588235,0.6716866
2022-02-12 13:10:00,0.5666666666666667,0.81675553
2022-02-12 13:15:00,0.6055555555555554,0.5614183
2022-02-12 13:20:00,0.5166666666666666,0.5094395
2022-02-12 13:25:00,0.4722222222222222,0.6141051
2022-02-12 13:30:00,0.4555555555555556,0.6431025
2022-02-12 13:35:00,0.45789473684210524,0.6472554
2022-02-12 13:40:00,0.4833333333333334,0.6811332
2022-02-12 13:45:00,0.5,0.49160266
2022-02-12 13:50:00,0.5277777777777777,0.47241738
2022-02-12 13:55:00,0.6222222222222222,0.5488688
2022-02-12 14:00:00,0.6555555555555554,0.56466806
2022-02-12 14:05:00,0.6277777777777777,0.58013546
2022-02-12 14:10:00,0.6222222222222221,0.586804
2022-02-12 14:15:00,0.7333333333333333,0.65841544
2022-02-12 14:20:00,0.8058823529411764,0.64823955
2022-02-12 14:25:00,0.9277777777777777,0.58989084
2022-02-12 14:30:00,0.9722222222222222,0.6659064
2022-02-12 14:35:00,0.9777777777777779,0.7048863
2022-02-12 14:40:00,1.0285714285714287,0.6342231
2022-02-12 14:45:00,1.0105263157894737,1.0307784
2022-02-12 14:50:00,0.9277777777777779,1.0751133
2022-02-12 14:55:00,0.9866666666666667,0.93879837
2022-02-12 15:00:00,0.9555555555555557,0.98221934
2022-02-12 15:05:00,1.005263157894737,0.98700374
2022-02-12 15:10:00,0.9277777777777779,0.9044691
2022-02-12 15:15:00,1.1,0.9283574
2022-02-12 15:20:00,1.5166666666666666,0.9150836
2022-02-12 15:25:00,1.8111111111111111,0.8836008
2022-02-12 15:30:00,1.8470588235294119,0.9188543
2022-02-12 15:35:00,1.6882352941176473,0.9435007
2022-02-12 15:40:00,1.4866666666666666,0.9204625
2022-02-12 15:45:00,1.4277777777777776,1.493139
2022-02-12 15:50:00,1.3666666666666667,1.5016133
2022-02-12 15:55:00,1.5578947368421054,1.2109836
2022-02-12 16:00:00,1.6277777777777775,1.4170514
2022-02-12 16:05:00,1.4200000000000004,1.400727
2022-02-12 16:10:00,1.5666666666666667,1.1902778
2022-02-12 16:15:00,1.5555555555555551,1.5604556
2022-02-12 16:20:00,1.411111111111111,1.4901493
2022-02-12 16:25:00,1.338888888888889,1.4044266
2022-02-12 16:30:00,1.2111111111111112,1.4633111
2022-02-12 16:35:00,1.583333333333333,1.4360744
2022-02-12 16:40:00,2.311111111111111,1.4433141
2022-02-12 16:45:00,2.7066666666666666,2.1076562
2022-02-12 16:50:00,2.5388888888888883,2.2847812
2022-02-12 16:55:00,2.4,2.1353726
2022-02-12 17:00:00,3.04,2.1857681
2022-02-12 17:05:00,2.783333333333333,2.0296304
2022-02-12 17:10:00,1.9888888888888887,1.8291184
2022-02-12 17:15:00,1.4055555555555557,1.969058
2022-02-12 17:20:00,1.1941176470588237,1.9625688
2022-02-12 17:25:00,1.0000000000000002,1.662074
2022-02-12 17:30:00,1.0555555555555556,1.6691436
2022-02-12 17:35:00,0.9789473684210523,1.6061307
2022-02-12 17:40:00,0.9764705882352942,1.6046163
2022-02-12 17:45:00,0.9615384615384616,1.0052164
2022-02-12 17:50:00,1.0923076923076922,1.0078682
2022-02-12 17:55:00,1.0388888888888888,0.91379017
2022-02-12 18:00:00,0.8833333333333334,0.9810819
2022-02-12 18:05:00,1.2055555555555557,1.2074742
2022-02-12 18:10:00,1.7444444444444445,1.1216953
2022-02-12 18:15:00,1.333333333333333,1.6660047
2022-02-12 18:20:00,1.061111111111111,1.7718389
2022-02-12 18:25:00,0.8315789473684212,1.5293505
2022-02-12 18:30:00,0.7722222222222223,1.7326909
2022-02-12 18:35:00,0.8000000000000002,1.6654948
2022-02-12 18:40:00,0.6888888888888887,1.3822328
2022-02-12 18:45:00,0.7157894736842103,0.6389464
2022-02-12 18:50:00,0.6000000000000001,0.7138863
2022-02-12 18:55:00,0.563157894736842,0.8757667
2022-02-12 19:00:00,0.6666666666666665,0.74878985
2022-02-12 19:05:00,1.146666666666667,0.7451857
2022-02-12 19:10:00,1.3055555555555558,0.7800604
2022-02-12 19:15:00,1.1066666666666665,1.2178223
2022-02-12 19:20:00,1.1222222222222222,1.3363231
2022-02-12 19:25:00,1.6333333333333333,1.1295168
2022-02-12 19:30:00,1.772222222222222,1.2461466
2022-02-12 19:35:00,1.9266666666666663,1.3044848
2022-02-12 19:40:00,1.3833333333333333,1.0775439
2022-02-12 19:45:00,1.0210526315789472,1.430359
2022-02-12 19:50:00,0.9199999999999999,1.410549
2022-02-12 19:55:00,0.6777777777777776,1.1430197
2022-02-12 20:00:00,0.6499999999999999,1.2316984
2022-02-12 20:05:00,0.5533333333333332,1.1370127
2022-02-12 20:10:00,0.5388888888888889,1.0699698
2022-02-12 20:15:00,0.7842105263157897,0.5084762
2022-02-12 20:20:00,0.8437500000000001,0.6404456
2022-02-12 20:25:00,0.7666666666666664,0.6351915
2022-02-12 20:30:00,0.6833333333333331,0.5922711
2022-02-12 20:35:00,0.661111111111111,0.6881604
2022-02-12 20:40:00,0.5933333333333333,0.5859522
2022-02-12 20:45:00,0.5944444444444444,0.61351645
2022-02-12 20:50:00,0.5333333333333333,0.56887853
2022-02-12 20:55:00,0.5055555555555556,0.5976726
2022-02-12 21:00:00,0.4578947368421053,0.6515454
2022-02-12 21:05:00,0.4733333333333335,0.6685559
2022-02-12 21:10:00,0.5214285714285715,0.6613985
2022-02-12 21:15:00,0.5333333333333333,0.53531855
2022-02-12 21:20:00,0.5133333333333334,0.5275592
2022-02-12 21:25:00,0.8722222222222221,0.5722588
2022-02-12 21:30:00,0.9888888888888892,0.60189027
2022-02-12 21:35:00,0.8894736842105264,0.64836454
2022-02-12 21:40:00,0.8777777777777778,0.6255117
2022-02-12 21:45:00,1.1388888888888888,0.9149922
2022-02-12 21:50:00,1.2473684210526315,0.9164286
2022-02-12 21:55:00,1.4666666666666666,0.7677015
2022-02-12 22:00:00,1.2111111111111112,0.8487383
2022-02-12 22:05:00,1.0166666666666668,0.87998176
2022-02-12 22:10:00,1.061111111111111,0.7947143
2022-02-12 22:15:00,1.0666666666666669,1.0800054
2022-02-12 22:20:00,0.9555555555555557,1.0382267
2022-02-12 22:25:00,0.938888888888889,0.89655757
2022-02-12 22:30:00,0.9833333333333335,0.9509171
2022-02-12 22:35:00,0.9312500000000001,0.9988224
2022-02-12 22:40:00,0.877777777777778,0.9796197
2022-02-12 22:45:00,0.7444444444444444,0.84021926
2022-02-12 22:50:00,0.7722222222222223,0.84358853
2022-02-12 22:55:00,0.9333333333333331,0.8915206
2022-02-12 23:00:00,1.2333333333333334,0.89673245
2022-02-12 23:05:00,1.2842105263157895,0.9432848
2022-02-12 23:10:00,1.1333333333333333,0.9340568
2022-02-12 23:15:00,1.0277777777777777,1.1422001
2022-02-12 23:20:00,0.788888888888889,1.1671542
2022-02-12 23:25:00,0.6736842105263156,0.98945427
2022-02-12 23:30:00,0.6882352941176471,1.1371776
2022-02-12 23:35:00,0.672222222222222,1.1974096
2022-02-12 23:40:00,0.5421052631578946,1.0195864
2022-02-12 23:45:00,0.49444444444444435,0.50545126
2022-02-12 23:50:00,0.5000000000000001,0.5707847
2022-02-12 23:55:00,0.4222222222222223,0.6384722
2022-02-13 00:00:00,0.3833333333333334,0.57465285
2022-02-13 00:05:00,0.3666666666666667,0.61719424
2022-02-13 00:10:00,0.42666666666666675,0.60724694
2022-02-13 00:15:00,0.3555555555555555,0.4454419
2022-02-13 00:20:00,0.3947368421052633,0.44913644
2022-02-13 00:25:00,0.4111111111111112,0.4700516
2022-02-13 00:30:00,0.37058823529411766,0.5262702
2022-02-13 00:35:00,0.3222222222222222,0.6061083
2022-02-13 00:40:00,0.33888888888888885,0.5369078
2022-02-13 00:45:00,0.3631578947368422,0.36856335
2022-02-13 00:50:00,0.4222222222222223,0.35747477
2022-02-13 00:55:00,0.3555555555555556,0.39370152
2022-02-13 01:00:00,0.3444444444444444,0.39189842
2022-02-13 01:05:00,0.35000000000000003,0.4250979
2022-02-13 01:10:00,0.36249999999999993,0.44030067
2022-02-13 01:15:00,0.37777777777777777,0.38655835
2022-02-13 01:20:00,0.3277777777777778,0.3847856
2022-02-13 01:25:00,0.31666666666666665,0.4201793
2022-02-13 01:30:00,0.3789473684210527,0.4081437
2022-02-13 01:35:00,0.3222222222222222,0.43506593
2022-02-13 01:40:00,0.31666666666666665,0.449959
2022-02-13 01:45:00,0.3222222222222222,0.3482176
2022-02-13 01:50:00,0.3266666666666667,0.3287846
2022-02-13 01:55:00,0.2944444444444444,0.37819415
2022-02-13 02:00:00,0.31666666666666665,0.35735822
2022-02-13 02:05:00,0.3833333333333334,0.37153435
2022-02-13 02:10:00,0.31666666666666665,0.41643694
2022-02-13 02:15:00,0.35555555555555557,0.3372803
2022-02-13 02:20:00,0.3333333333333333,0.34131962
2022-02-13 02:25:00,0.2833333333333333,0.36945787
2022-02-13 02:30:00,0.27777777777777773,0.36986685
2022-02-13 02:35:00,0.24444444444444446,0.4018694
2022-02-13 02:40:00,0.2944444444444444,0.39667442
2022-02-13 02:45:00,0.26666666666666666,0.3313318
2022-02-13 02:50:00,0.23333333333333334,0.32261845
2022-02-13 02:55:00,0.2222222222222222,0.36395338
2022-02-13 03:00:00,0.27777777777777773,0.3589705
2022-02-13 03:05:00,0.3222222222222222,0.36978132
2022-02-13 03:10:00,0.22222222222222227,0.38504004
2022-02-13 03:15:00,0.2631578947368421,0.23804443
2022-02-13 03:20:00,0.28888888888888886,0.23538338
2022-02-13 03:25:00,0.28888888888888886,0.29329434
2022-02-13 03:30:00,0.3533333333333334,0.25378808
2022-02-13 03:35:00,0.33888888888888885,0.26884985
2022-02-13 03:40:00,0.26666666666666666,0.31421328
2022-02-13 03:45:00,0.25555555555555554,0.29990402
2022-02-13 03:50:00,0.26842105263157895,0.2780281
2022-02-13 03:55:00,0.2842105263157894,0.2967388
2022-02-13 04:00:00,0.28888888888888886,0.31696835
2022-02-13 04:05:00,0.25,0.3140537
2022-02-13 04:10:00,0.23888888888888887,0.31714368
2022-02-13 04:15:00,0.2666666666666666,0.27057192
2022-02-13 04:20:00,0.28888888888888886,0.2568659
2022-02-13 04:25:00,0.2611111111111111,0.2883342
2022-02-13 04:30:00,0.26111111111111107,0.2841641
2022-02-13 04:35:00,0.22857142857142862,0.3013416
2022-02-13 04:40:00,0.2277777777777778,0.32207888
2022-02-13 04:45:00,0.23888888888888887,0.2517465
2022-02-13 04:50:00,0.2111111111111112,0.24508068
2022-02-13 04:55:00,0.26315789473684204,0.2855093
2022-02-13 05:00:00,0.2055555555555556,0.2662855
2022-02-13 05:05:00,0.22777777777777775,0.28587407
2022-02-13 05:10:00,0.23333333333333334,0.31484857
2022-02-13 05:15:00,0.23888888888888893,0.2601201
2022-02-13 05:20:00,0.2333333333333334,0.24476054
2022-02-13 05:25:00,0.2315789473684211,0.28449482
2022-02-13 05:30:00,0.2611111111111111,0.2735206
2022-02-13 05:35:00,0.29444444444444445,0.29680705
2022-02-13 05:40:00,0.30526315789473685,0.3280885
2022-02-13 05:45:00,0.38823529411764707,0.3289238
2022-02-13 05:50:00,0.3736842105263158,0.32594585
2022-02-13 05:55:00,0.3333333333333333,0.35661334
2022-02-13 06:00:00,0.3222222222222222,0.33959815
2022-02-13 06:05:00,0.41666666666666674,0.34397408
2022-02-13 06:10:00,0.41666666666666674,0.36450866
2022-02-13 06:15:00,0.34736842105263155,0.43231052
2022-02-13 06:20:00,0.3133333333333333,0.44176373
2022-02-13 06:25:00,0.3388888888888889,0.46760985
2022-02-13 06:30:00,0.6222222222222222,0.44108275
2022-02-13 06:35:00,1.2777777777777777,0.4377254
2022-02-13 06:40:00,1.4833333333333332,0.45412043
2022-02-13 06:45:00,1.1888888888888889,1.2328401
2022-02-13 06:50:00,1.094444444444444,1.690464
2022-02-13 06:55:00,1.0333333333333332,1.3708831
2022-02-13 07:00:00,0.8611111111111113,0.9562469
2022-02-13 07:05:00,0.6294117647058823,0.9847415
2022-02-13 07:10:00,0.5333333333333333,1.029564
2022-02-13 07:15:00,0.49333333333333323,0.56389284
2022-02-13 07:20:00,0.49444444444444446,0.5231278
2022-02-13 07:25:00,0.6058823529411764,0.5145238
2022-02-13 07:30:00,0.5789473684210527,0.4483083
2022-02-13 07:35:00,0.5066666666666666,0.45171538
2022-02-13 07:40:00,0.44444444444444464,0.5588334
2022-02-13 07:45:00,0.3529411764705882,0.4515274
2022-02-13 07:50:00,0.3083333333333333,0.421049
2022-02-13 07:55:00,0.3055555555555555,0.45331532
2022-02-13 08:00:00,0.35,0.4947847
2022-02-13 08:05:00,0.4133333333333334,0.5520801
2022-02-13 08:10:00,0.4315789473684211,0.54242253
2022-02-13 08:15:00,0.49411764705882344,0.44015792
2022-02-13 08:20:00,0.47777777777777786,0.47259548
2022-02-13 08:25:00,0.5111111111111111,0.50900257
2022-02-13 08:30:00,0.4722222222222222,0.5102393
2022-02-13 08:35:00,1.0666666666666669,0.56758493
2022-02-13 08:40:00,1.5277777777777777,0.5273463
2022-02-13 08:45:00,1.14,1.2185899
2022-02-13 08:50:00,0.9000000000000001,1.5099003
2022-02-13 08:55:00,0.6499999999999999,1.3840927
2022-02-13 09:00:00,0.5944444444444443,1.1056757
2022-02-13 09:05:00,0.7388888888888889,1.0998417
2022-02-13 09:10:00,0.6833333333333331,1.1111605
2022-02-13 09:15:00,0.5888888888888889,0.7164037
2022-02-13 09:20:00,0.5647058823529412,0.71660715
2022-02-13 09:25:00,0.5333333333333333,0.8601024
2022-02-13 09:30:00,0.6777777777777777,0.7585346
2022-02-13 09:35:00,0.5333333333333333,0.659006
2022-02-13 09:40:00,0.5111111111111111,0.7470347
2022-02-13 09:45:00,0.6555555555555554,0.54074925
2022-02-13 09:50:00,0.42222222222222233,0.5160313
2022-02-13 09:55:00,0.3684210526315789,0.53124994
2022-02-13 10:00:00,0.3,0.59131634
2022-02-13 10:05:00,0.30555555555555547,0.62233067
2022-02-13 10:10:00,0.3277777777777777,0.5858954
2022-02-13 10:15:00,0.28888888888888886,0.32735664
2022-02-13 10:20:00,0.2875,0.35680482
2022-02-13 10:25:00,0.2277777777777778,0.42761898
2022-02-13 10:30:00,0.18888888888888894,0.39077112
2022-02-13 10:35:00,0.22222222222222227,0.45602822
2022-02-13 10:40:00,0.21052631578947373,0.45784304
2022-02-13 10:45:00,0.25,0.22148727
2022-02-13 10:50:00,0.2529411764705883,0.23573795
2022-02-13 10:55:00,0.21111111111111114,0.2874939
2022-02-13 11:00:00,0.25555555555555565,0.26318794
2022-02-13 11:05:00,0.2157894736842105,0.3105623
2022-02-13 11:10:00,0.24666666666666665,0.3187357
2022-02-13 11:15:00,0.21666666666666667,0.28103268
2022-02-13 11:20:00,0.26111111111111107,0.26672328
2022-02-13 11:25:00,0.3111111111111111,0.3093689
2022-02-13 11:30:00,0.38333333333333336,0.2937578
2022-02-13 11:35:00,0.4277777777777778,0.29571447
2022-02-13 11:40:00,0.4111111111111112,0.32813743
2022-02-13 11:45:00,0.40555555555555567,0.438733
2022-02-13 11:50:00,0.3,0.47101462
2022-02-13 11:55:00,0.3722222222222222,0.44931576
2022-02-13 12:00:00,0.34210526315789475,0.44324782
2022-02-13 12:05:00,0.39444444444444443,0.47634515
2022-02-13 12:10:00,0.7388888888888889,0.44977227
2022-02-13 12:15:00,0.8166666666666668,0.7722371
2022-02-13 12:20:00,0.6166666666666667,0.8201163
2022-02-13 12:25:00,0.5000000000000001,0.8227218
2022-02-13 12:30:00,0.6444444444444444,0.7290639
2022-02-13 12:35:00,0.6222222222222221,0.69500583
2022-02-13 12:40:00,0.6166666666666666,0.7385009
2022-02-13 12:45:00,0.6888888888888887,0.64463055
2022-02-13 12:50:00,1.0722222222222222,0.64825493
2022-02-13 12:55:00,1.0266666666666666,0.65908754
2022-02-13 13:00:00,1.2842105263157897,0.5645368
2022-02-13 13:05:00,1.438888888888889,0.5872743
2022-02-13 13:10:00,1.2277777777777776,0.6817999
2022-02-13 13:15:00,1.0277777777777777,1.1765684
2022-02-13 13:20:00,0.7388888888888887,1.4159262
2022-02-13 13:25:00,0.6499999999999999,1.0889618
2022-02-13 13:30:00,0.5533333333333333,1.253816
2022-02-13 13:35:00,0.48888888888888893,1.2997274
2022-02-13 13:40:00,0.4578947368421053,0.9380104
2022-02-13 13:45:00,0.4722222222222222,0.4492294
2022-02-13 13:50:00,0.41428571428571426,0.50865024
2022-02-13 13:55:00,0.42,0.582828
2022-02-13 14:00:00,0.4166666666666667,0.49310938
2022-02-13 14:05:00,0.6333333333333332,0.5359217
2022-02-13 14:10:00,0.7055555555555555,0.55943215
2022-02-13 14:15:00,0.6388888888888887,0.69971544
2022-02-13 14:20:00,0.5157894736842106,0.7196824
2022-02-13 14:25:00,0.44999999999999996,0.6617717
2022-02-13 14:30:00,0.48888888888888893,0.7650748
2022-02-13 14:35:00,0.38947368421052636,0.86112976
2022-02-13 14:40:00,0.4666666666666668,0.72419155
2022-02-13 14:45:00,0.38235294117647056,0.50841093
2022-02-13 14:50:00,0.28947368421052627,0.50497985
2022-02-13 14:55:00,0.28333333333333327,0.5524264
2022-02-13 15:00:00,0.3833333333333333,0.5316028
2022-02-13 15:05:00,0.6999999999999998,0.5317164
2022-02-13 15:10:00,0.5944444444444443,0.5562987
2022-02-13 15:15:00,0.7333333333333332,0.5861294
2022-02-13 15:20:00,0.7722222222222224,0.63658184
2022-02-13 15:25:00,0.6944444444444443,0.60426354
2022-02-13 15:30:00,0.7157894736842104,0.60400075
2022-02-13 15:35:00,1.4722222222222223,0.681
2022-02-13 15:40:00,1.55,0.62729996
2022-02-13 15:45:00,0.7944444444444445,1.2358907
2022-02-13 15:50:00,0.4944444444444446,1.580991
2022-02-13 15:55:00,0.5,1.54222
2022-02-13 16:00:00,0.4166666666666667,1.3029598
2022-02-13 16:05:00,0.4388888888888889,1.1165301
2022-02-13 16:10:00,0.43333333333333335,1.0330858
2022-02-13 16:15:00,0.48421052631578954,0.42426276
2022-02-13 16:20:00,0.48235294117647054,0.5161566
2022-02-13 16:25:00,0.4947368421052632,0.58396673
2022-02-13 16:30:00,0.5555555555555555,0.5197736
2022-02-13 16:35:00,0.7294117647058823,0.5894823
2022-02-13 16:40:00,1.0555555555555554,0.5443748
2022-02-13 16:45:00,0.9166666666666669,0.999628
2022-02-13 16:50:00,0.7388888888888887,1.1201261
2022-02-13 16:55:00,0.6210526315789472,0.956526
2022-02-13 17:00:00,0.5055555555555556,1.0055608
2022-02-13 17:05:00,0.3833333333333334,1.0471522
2022-02-13 17:10:00,0.3777777777777778,0.8889344
2022-02-13 17:15:00,0.46111111111111114,0.36858758
2022-02-13 17:20:00,0.38888888888888895,0.41248024
2022-02-13 17:25:00,0.33333333333333326,0.5130753
2022-02-13 17:30:00,1.4600000000000002,0.40163904
2022-02-13 17:35:00,0.9933333333333335,0.4118395
2022-02-13 17:40:00,0.8388888888888889,0.4701221
2022-02-13 17:45:00,0.661111111111111,0.86300874
2022-02-13 17:50:00,0.6999999999999997,0.983818
2022-02-13 17:55:00,0.5833333333333333,0.7957265
2022-02-13 18:00:00,0.5555555555555554,0.81643975
2022-02-13 18:05:00,0.5055555555555555,0.96632147
2022-02-13 18:10:00,0.3947368421052632,0.8261554
2022-02-13 18:15:00,0.38333333333333336,0.41811082
2022-02-13 18:20:00,0.38888888888888895,0.47305197
2022-02-13 18:25:00,0.3944444444444445,0.43863094
2022-02-13 18:30:00,0.46315789473684205,0.40343654
2022-02-13 18:35:00,0.561111111111111,0.5275417
2022-02-13 18:40:00,0.538888888888889,0.50694793
2022-02-13 18:45:00,0.7055555555555556,0.563615
2022-02-13 18:50:00,0.6166666666666666,0.55371267
2022-02-13 18:55:00,1.0722222222222222,0.5481723
2022-02-13 19:00:00,0.9944444444444441,0.6100267
2022-02-13 19:05:00,1.1444444444444446,0.6507006
2022-02-13 19:10:00,1.161111111111111,0.59517896
2022-02-13 19:15:00,1.1624999999999999,1.1080078
2022-02-13 19:20:00,1.0714285714285716,1.1838179
2022-02-13 19:25:00,1.0421052631578949,1.0537367
2022-02-13 19:30:00,0.9888888888888892,1.0053626
2022-02-13 19:35:00,1.1235294117647057,0.94714457
2022-02-13 19:40:00,1.1333333333333333,0.9291452
2022-02-13 19:45:00,1.0333333333333334,1.0725896
2022-02-13 19:50:00,0.8666666666666668,1.146981
2022-02-13 19:55:00,0.8052631578947368,1.0829971
2022-02-13 20:00:00,0.7222222222222222,1.1040686
2022-02-13 20:05:00,0.6111111111111112,1.1130034
2022-02-13 20:10:00,0.6833333333333332,1.0209514
2022-02-13 20:15:00,0.7333333333333333,0.66890925
2022-02-13 20:20:00,0.7111111111111111,0.6953737
2022-02-13 20:25:00,0.8315789473684212,0.74324536
2022-02-13 20:30:00,1.0722222222222222,0.76909983
2022-02-13 20:35:00,1.257142857142857,0.8154081
2022-02-13 20:40:00,1.0666666666666667,0.7580074
2022-02-13 20:45:00,1.0611111111111111,1.0486434
2022-02-13 20:50:00,0.905263157894737,1.0983043
2022-02-13 20:55:00,0.7555555555555554,0.9280975
2022-02-13 21:00:00,0.6368421052631577,1.0333639
2022-02-13 21:05:00,0.6176470588235294,1.1091567
2022-02-13 21:10:00,0.5666666666666667,0.9511265
2022-02-13 21:15:00,0.5666666666666665,0.5395059
2022-02-13 21:20:00,0.5833333333333333,0.5787686
2022-02-13 21:25:00,0.5444444444444444,0.63819766
2022-02-13 21:30:00,0.5388888888888889,0.6116615
2022-02-13 21:35:00,0.46111111111111114,0.6344625
2022-02-13 21:40:00,0.41666666666666674,0.61707973
2022-02-13 21:45:00,0.4722222222222222,0.42457524
2022-02-13 21:50:00,0.44999999999999996,0.41095483
2022-02-13 21:55:00,0.3666666666666667,0.46713668
2022-02-13 22:00:00,0.31666666666666665,0.48606533
2022-02-13 22:05:00,0.30625,0.5130162
2022-02-13 22:10:00,0.33125000000000004,0.5093789
2022-02-13 22:15:00,0.3842105263157895,0.34348652
2022-02-13 22:20:00,0.4055555555555556,0.3521578
2022-02-13 22:25:00,0.3333333333333333,0.4152541
2022-02-13 22:30:00,0.3263157894736843,0.39908338
2022-02-13 22:35:00,0.31999999999999995,0.43958268
2022-02-13 22:40:00,0.3461538461538461,0.44613189
2022-02-13 22:45:00,0.3611111111111111,0.3731995
2022-02-13 22:50:00,0.3611111111111111,0.3650141
2022-02-13 22:55:00,0.4294117647058824,0.4048341
2022-02-13 23:00:00,0.4999999999999999,0.4002078
2022-02-13 23:05:00,0.4999999999999999,0.42492354
2022-02-13 23:10:00,0.5944444444444442,0.4394746
2022-02-13 23:15:00,0.5277777777777778,0.6295759
2022-02-13 23:20:00,0.4066666666666666,0.6473483
2022-02-13 23:25:00,0.461111111111111,0.5928052
2022-02-13 23:30:00,0.4166666666666667,0.60698146
2022-02-13 23:35:00,0.4722222222222222,0.62814534
2022-02-13 23:40:00,0.6842105263157893,0.59663236
2022-02-13 23:45:00,0.5277777777777778,0.7342225
2022-02-13 23:50:00,0.6333333333333332,0.75370675
2022-02-13 23:55:00,0.49411764705882366,0.73486984
2022-02-14 00:00:00,0.4333333333333334,0.72231865
2022-02-14 00:05:00,0.5166666666666666,0.7351451
2022-02-14 00:10:00,0.827777777777778,0.7285847
2022-02-14 00:15:00,1.0315789473684212,0.865952
2022-02-14 00:20:00,0.9444444444444446,0.9239216
2022-02-14 00:25:00,0.8411764705882354,0.86862284
2022-02-14 00:30:00,0.74375,0.8502281
2022-02-14 00:35:00,0.8733333333333334,0.82694227
2022-02-14 00:40:00,0.8722222222222223,0.791826
2022-02-14 00:45:00,0.7333333333333332,0.9021432
2022-02-14 00:50:00,0.5588235294117646,0.8695291
2022-02-14 00:55:00,0.6222222222222221,0.8567278
2022-02-14 01:00:00,0.6055555555555555,0.81995684
2022-02-14 01:05:00,0.6277777777777775,0.77460396
2022-02-14 01:10:00,0.6666666666666665,0.83969754
2022-02-14 01:15:00,0.6666666666666665,0.6765178
2022-02-14 01:20:00,0.6888888888888887,0.67316777
2022-02-14 01:25:00,1.1333333333333335,0.6893269
2022-02-14 01:30:00,2.611111111111111,0.7548664
2022-02-14 01:35:00,2.022222222222222,0.8123542
2022-02-14 01:40:00,1.5571428571428567,0.7455151
2022-02-14 01:45:00,1.2166666666666668,1.5297297
2022-02-14 01:50:00,1.0388888888888888,1.8474416
2022-02-14 01:55:00,0.8722222222222223,1.2522793
2022-02-14 02:00:00,0.8105263157894738,1.2862418
2022-02-14 02:05:00,0.7444444444444446,1.3724018
2022-02-14 02:10:00,0.672222222222222,1.1063787
2022-02-14 02:15:00,0.6722222222222219,0.62644744
2022-02-14 02:20:00,0.6333333333333333,0.7703661
2022-02-14 02:25:00,0.7055555555555555,0.7244349
2022-02-14 02:30:00,0.672222222222222,0.65806985
2022-02-14 02:35:00,0.6222222222222222,0.7984806
2022-02-14 02:40:00,0.5722222222222221,0.7147913
2022-02-14 02:45:00,0.5473684210526315,0.5846501
2022-02-14 02:50:00,0.5555555555555554,0.54529697
2022-02-14 02:55:00,0.5722222222222221,0.5613704
2022-02-14 03:00:00,0.7055555555555553,0.63742036
2022-02-14 03:05:00,0.7000000000000001,0.6844747
2022-02-14 03:10:00,0.6499999999999999,0.64631444
2022-02-14 03:15:00,0.6055555555555555,0.665182
2022-02-14 03:20:00,0.531578947368421,0.6674457
2022-02-14 03:25:00,0.5555555555555555,0.6386849
2022-02-14 03:30:00,0.611111111111111,0.6998758
2022-02-14 03:35:00,0.6,0.7465358
2022-02-14 03:40:00,0.6,0.6789549
2022-02-14 03:45:00,0.5444444444444444,0.62904835
2022-02-14 03:50:00,0.5666666666666667,0.62611264
2022-02-14 03:55:00,0.5499999999999999,0.6172146
2022-02-14 04:00:00,0.5499999999999999,0.6511965
2022-02-14 04:05:00,0.46111111111111114,0.6958455
2022-02-14 04:10:00,0.55,0.66262615
2022-02-14 04:15:00,0.5666666666666667,0.58418417
2022-02-14 04:20:00,0.5722222222222222,0.59210443
2022-02-14 04:25:00,0.6055555555555554,0.5707383
2022-02-14 04:30:00,0.5499999999999999,0.62193924
2022-02-14 04:35:00,0.7555555555555555,0.67783254
2022-02-14 04:40:00,1.5833333333333333,0.61370957
2022-02-14 04:45:00,1.3611111111111112,1.4343292
2022-02-14 04:50:00,1.6833333333333336,1.6290262
2022-02-14 04:55:00,2.5055555555555555,1.3942149
2022-02-14 05:00:00,1.9999999999999996,1.2560978
2022-02-14 05:05:00,2.076470588235294,1.2586601
2022-02-14 05:10:00,1.6374999999999995,1.230086
2022-02-14 05:15:00,1.616666666666667,1.6521412
2022-02-14 05:20:00,1.8611111111111107,1.5897745
2022-02-14 05:25:00,1.8833333333333333,1.4287517
2022-02-14 05:30:00,1.5722222222222224,1.3270149
2022-02-14 05:35:00,1.7388888888888892,1.2191962
2022-02-14 05:40:00,1.9333333333333331,1.364163
2022-02-14 05:45:00,2.761111111111111,1.843899
2022-02-14 05:50:00,3.35,1.7752501
2022-02-14 05:55:00,3.3473214285714286,1.7350897
2022-02-14 06:00:00,3.3446428571428575,1.8332716
2022-02-14 06:05:00,3.341964285714286,1.7089149
2022-02-14 06:10:00,3.3392857142857144,1.6799374
2022-02-14 06:15:00,3.336607142857143,3.1391149
2022-02-14 06:20:00,3.3339285714285714,3.0703652
2022-02-14 06:25:00,3.3312500000000003,2.7962475
2022-02-14 06:30:00,3.3285714285714287,2.8536522
2022-02-14 06:35:00,3.3533333333333326,2.2845237
2022-02-14 06:40:00,3.2428571428571433,2.2886922
2022-02-14 06:45:00,3.2841269841269844,3.1430938
2022-02-14 06:50:00,3.325396825396826,2.8776526
2022-02-14 06:55:00,3.366666666666667,2.7610533
2022-02-14 07:00:00,3.114285714285714,2.82456
2022-02-14 07:05:00,2.4944444444444445,2.4752421
2022-02-14 07:10:00,2.582352941176471,2.642777
2022-02-14 07:15:00,2.033333333333333,2.540706
2022-02-14 07:20:00,1.4500000000000002,2.3544548
2022-02-14 07:25:00,1.1947368421052633,2.229364
2022-02-14 07:30:00,1.3333333333333335,2.3723931
2022-02-14 07:35:00,1.3722222222222222,2.1612716
2022-02-14 07:40:00,1.2222222222222223,2.1916323
2022-02-14 07:45:00,1.3444444444444443,1.1637666
2022-02-14 07:50:00,1.3111111111111111,1.28402
2022-02-14 07:55:00,1.1944444444444446,1.3222855
2022-02-14 08:00:00,1.0263157894736843,1.2194103
2022-02-14 08:05:00,1.0444444444444443,1.4234146
2022-02-14 08:10:00,1.15,1.3989459
2022-02-14 08:15:00,2.873333333333333,1.1559242
2022-02-14 08:20:00,2.6611111111111105,1.1250068
2022-02-14 08:25:00,2.3333333333333335,1.0649219
2022-02-14 08:30:00,2.2071428571428573,1.2921185
2022-02-14 08:35:00,1.8944444444444442,1.3157889
2022-02-14 08:40:00,2.005555555555555,1.1142325
2022-02-14 08:45:00,1.9888888888888887,1.9507409
2022-02-14 08:50:00,1.8333333333333333,1.9093221
2022-02-14 08:55:00,1.9222222222222223,1.782332
2022-02-14 09:00:00,1.9666666666666666,1.8426746
2022-02-14 09:05:00,1.9666666666666661,1.5669961
2022-02-14 09:10:00,1.8625,1.5485607
2022-02-14 09:15:00,1.7133333333333336,1.8246405
2022-02-14 09:20:00,1.7199999999999998,1.7199887
2022-02-14 09:25:00,1.6111111111111116,1.6094021
2022-02-14 09:30:00,1.7999999999999998,1.7668803
2022-02-14 09:35:00,1.9222222222222223,1.791414
2022-02-14 09:40:00,1.9222222222222218,1.7310318
2022-02-14 09:45:00,2.1,1.8449014
2022-02-14 09:50:00,2.5590909090909095,1.8680063
2022-02-14 09:55:00,3.0181818181818185,1.6876924
2022-02-14 10:00:00,2.6,1.8550525
2022-02-14 10:05:00,2.142105263157895,1.8466729
2022-02-14 10:10:00,1.788888888888889,1.6592885
2022-02-14 10:15:00,2.0277777777777777,1.8345237
2022-02-14 10:20:00,1.7666666666666666,1.6610163
2022-02-14 10:25:00,1.7142857142857146,1.4160222
2022-02-14 10:30:00,1.8473684210526315,1.6135955
2022-02-14 10:35:00,2.583333333333333,1.5297054
2022-02-14 10:40:00,2.05,1.4826293
2022-02-14 10:45:00,2.313333333333333,1.9022043
2022-02-14 10:50:00,2.5766666666666667,1.7786413
2022-02-14 10:55:00,2.84,1.8244267
2022-02-14 11:00:00,3.1033333333333335,1.8215954
2022-02-14 11:05:00,3.3666666666666667,1.7728744
2022-02-14 11:10:00,3.113333333333333,1.8989838
2022-02-14 11:15:00,2.377777777777778,2.9620023
2022-02-14 11:20:00,1.9722222222222219,2.992966
2022-02-14 11:25:00,1.7000000000000002,2.4957302
2022-02-14 11:30:00,1.4999999999999998,2.8537047
2022-02-14 11:35:00,1.3333333333333335,2.419045
2022-02-14 11:40:00,1.2105263157894737,2.093708
2022-02-14 11:45:00,1.1722222222222223,1.1340492
2022-02-14 11:50:00,0.9894736842105264,1.2497091
2022-02-14 11:55:00,0.8888888888888891,1.2671889
2022-02-14 12:00:00,0.8789473684210528,1.2053775
2022-02-14 12:05:00,0.8999999999999999,1.2436023
2022-02-14 12:10:00,0.8733333333333334,1.186377
2022-02-14 12:15:00,0.8777777777777779,0.85568005
2022-02-14 12:20:00,0.8444444444444447,0.8276364
2022-02-14 12:25:00,0.8533333333333335,0.8620994
2022-02-14 12:30:00,0.9055555555555558,0.9378009
2022-02-14 12:35:00,0.9444444444444444,1.038439
2022-02-14 12:40:00,0.9352941176470592,0.98695993
2022-02-14 12:45:00,1.0333333333333332,0.94931984
2022-02-14 12:50:00,0.9555555555555555,0.94239503
2022-02-14 12:55:00,1.0333333333333334,0.8661935
2022-02-14 13:00:00,0.9578947368421055,0.9993557
2022-02-14 13:05:00,1.1222222222222222,1.0445582
2022-02-14 13:10:00,1.2470588235294118,0.91202563
2022-02-14 13:15:00,1.1111111111111112,1.2428194
2022-02-14 13:20:00,1.3166666666666669,1.2663354
2022-02-14 13:25:00,1.4444444444444442,1.1476676
2022-02-14 13:30:00,1.4444444444444442,1.2682432
2022-02-14 13:35:00,1.4500000000000002,1.2320073
2022-02-14 13:40:00,1.46,1.0941736
2022-02-14 13:45:00,1.3526315789473686,1.4647093
2022-02-14 13:50:00,1.4444444444444442,1.487257
2022-02-14 13:55:00,1.5333333333333334,1.2844
2022-02-14 14:00:00,1.552941176470588,1.4316603
2022-02-14 14:05:00,1.3277777777777777,1.3820194
2022-02-14 14:10:00,1.0944444444444443,1.221068
2022-02-14 14:15:00,0.9111111111111112,1.0855129
2022-02-14 14:20:00,0.7333333333333333,1.0306523
2022-02-14 14:25:00,0.7333333333333333,0.98333675
2022-02-14 14:30:00,0.6555555555555554,1.0221958
2022-02-14 14:35:00,0.6294117647058823,1.0303304
2022-02-14 14:40:00,0.8157894736842105,1.0439206
2022-02-14 14:45:00,0.8388888888888891,0.7959984
2022-02-14 14:50:00,0.7222222222222223,0.8323077
2022-02-14 14:55:00,0.8555555555555556,0.8348886
2022-02-14 15:00:00,1.3944444444444444,0.8933282
2022-02-14 15:05:00,1.3888888888888886,1.0501173
2022-02-14 15:10:00,1.1789473684210525,0.9386066
2022-02-14 15:15:00,1.0857142857142856,1.1741927
2022-02-14 15:20:00,1.0999999999999996,1.2597449
2022-02-14 15:25:00,1.1166666666666665,1.0269079
2022-02-14 15:30:00,0.9736842105263158,1.0646505
2022-02-14 15:35:00,1.0058823529411764,1.1266938
2022-02-14 15:40:00,1.0578947368421054,1.012948
2022-02-14 15:45:00,0.9833333333333335,1.0620639
2022-02-14 15:50:00,0.9266666666666669,1.099154
2022-02-14 15:55:00,1.0666666666666667,0.9953332
2022-02-14 16:00:00,1.0315789473684212,1.1152475
2022-02-14 16:05:00,1.0111111111111108,1.1662003
2022-02-14 16:10:00,0.9722222222222222,1.0056865
2022-02-14 16:15:00,0.8888888888888891,0.9772892
2022-02-14 16:20:00,0.9555555555555557,0.9433744
2022-02-14 16:25:00,0.6833333333333331,0.8993566
2022-02-14 16:30:00,0.6157894736842104,0.99295235
2022-02-14 16:35:00,0.6117647058823529,1.0232841
2022-02-14 16:40:00,0.42105263157894735,0.9601493
2022-02-14 16:45:00,0.461111111111111,0.38402882
2022-02-14 16:50:00,0.5666666666666668,0.46577832
2022-02-14 16:55:00,0.827777777777778,0.5929774
2022-02-14 17:00:00,0.8157894736842105,0.49177814
2022-02-14 17:05:00,0.7555555555555554,0.48451766
2022-02-14 17:10:00,0.8166666666666669,0.48168495
2022-02-14 17:15:00,0.9611111111111111,0.88334686
2022-02-14 17:20:00,1.1055555555555554,0.8072037
2022-02-14 17:25:00,1.3625,0.68686545
2022-02-14 17:30:00,2.4846153846153842,0.8829065
2022-02-14 17:35:00,2.538888888888889,0.8994923
2022-02-14 17:40:00,1.8800000000000001,0.76577723
2022-02-14 17:45:00,1.6294117647058823,1.705206
2022-02-14 17:50:00,1.4526315789473683,2.104434
2022-02-14 17:55:00,1.4666666666666663,1.6369866
2022-02-14 18:00:00,1.9315789473684215,1.3926303
2022-02-14 18:05:00,2.0999999999999996,1.3686143
2022-02-14 18:10:00,1.7833333333333339,1.3035628
2022-02-14 18:15:00,1.511111111111111,1.7435198
2022-02-14 18:20:00,1.2055555555555555,1.7854984
2022-02-14 18:25:00,0.9277777777777779,1.6375414
2022-02-14 18:30:00,0.8666666666666669,1.6239495
2022-02-14 18:35:00,0.7526315789473683,1.6137744
2022-02-14 18:40:00,0.8111111111111113,1.5890225
2022-02-14 18:45:00,0.75,0.75721943
2022-02-14 18:50:00,0.9111111111111112,0.8597401
2022-02-14 18:55:00,0.938888888888889,0.8893381
2022-02-14 19:00:00,0.9466666666666668,0.8846622
2022-02-14 19:05:00,0.8266666666666668,0.9958477
2022-02-14 19:10:00,0.8266666666666665,0.8817325
2022-02-14 19:15:00,0.7166666666666667,0.8630126
2022-02-14 19:20:00,0.6888888888888889,0.8197602
2022-02-14 19:25:00,0.8722222222222223,0.75271493
2022-02-14 19:30:00,1.1166666666666665,0.89751804
2022-02-14 19:35:00,1.2277777777777776,0.97284687
2022-02-14 19:40:00,1.438888888888889,0.8589385
2022-02-14 19:45:00,1.2777777777777777,1.3880293
2022-02-14 19:50:00,1.1368421052631579,1.5229092
2022-02-14 19:55:00,1.1176470588235294,1.3363543
2022-02-14 20:00:00,1.1368421052631579,1.330254
2022-02-14 20:05:00,1.238888888888889,1.3188586
2022-02-14 20:10:00,1.50625,1.2075633
2022-02-14 20:15:00,1.6944444444444444,1.505976
2022-02-14 20:20:00,1.9142857142857144,1.5763446
2022-02-14 20:25:00,1.7052631578947368,1.4572372
2022-02-14 20:30:00,1.3722222222222227,1.475066
2022-02-14 20:35:00,1.1666666666666667,1.3807976
2022-02-14 20:40:00,0.9277777777777779,1.303214
2022-02-14 20:45:00,0.8352941176470587,0.8903565
2022-02-14 20:50:00,0.7052631578947367,0.8823281
2022-02-14 20:55:00,0.6055555555555555,0.920747
2022-02-14 21:00:00,0.6222222222222221,0.90707207
2022-02-14 21:05:00,0.6388888888888886,0.874516
2022-02-14 21:10:00,0.55,0.8957773
2022-02-14 21:15:00,0.5444444444444444,0.55832887
2022-02-14 21:20:00,0.47777777777777786,0.5574762
2022-02-14 21:25:00,0.4666666666666667,0.61815214
2022-02-14 21:30:00,0.5111111111111111,0.5956258
2022-02-14 21:35:00,0.7333333333333334,0.6810134
2022-02-14 21:40:00,0.6944444444444442,0.7078499
2022-02-14 21:45:00,0.8666666666666667,0.7030752
2022-02-14 21:50:00,0.9166666666666666,0.7177364
2022-02-14 21:55:00,0.7722222222222223,0.68146884
2022-02-14 22:00:00,0.6705882352941176,0.77111685
2022-02-14 22:05:00,0.661111111111111,0.8187733
2022-02-14 22:10:00,0.6499999999999999,0.70880395
2022-02-14 22:15:00,0.6263157894736839,0.67272484
2022-02-14 22:20:00,0.5944444444444443,0.6621125
2022-02-14 22:25:00,0.5866666666666666,0.6630129
2022-02-14 22:30:00,0.5166666666666667,0.7004399
2022-02-14 22:35:00,0.6352941176470588,0.6755798
2022-02-14 22:40:00,0.9153846153846155,0.64973086
2022-02-14 22:45:00,0.823076923076923,0.9370484
2022-02-14 22:50:00,0.9444444444444446,0.9622842
2022-02-14 22:55:00,0.8833333333333334,0.8885714
2022-02-14 23:00:00,0.9166666666666669,0.97773266
2022-02-14 23:05:00,1.1684210526315788,1.020788
2022-02-14 23:10:00,1.16,0.9033716
2022-02-14 23:15:00,0.9411764705882355,1.1426725
2022-02-14 23:20:00,0.7833333333333333,1.2140679
2022-02-14 23:25:00,0.7277777777777777,1.0846889
2022-02-14 23:30:00,0.7105263157894737,1.06377
2022-02-14 23:35:00,0.661111111111111,1.006687
2022-02-14 23:40:00,0.6611111111111109,0.96611947
2022-02-14 23:45:00,0.6388888888888888,0.658859
2022-02-14 23:50:00,0.5833333333333334,0.67653954
2022-02-14 23:55:00,0.6666666666666665,0.7323015
2022-02-15 00:00:00,0.6666666666666665,0.7236618
2022-02-15 00:05:00,0.6888888888888887,0.75246555
2022-02-15 00:10:00,0.6166666666666666,0.7415496
2022-02-15 00:15:00,0.622222222222222,0.6276063
2022-02-15 00:20:00,0.5666666666666665,0.6079623
2022-02-15 00:25:00,0.5833333333333333,0.6002752
2022-02-15 00:30:00,0.5555555555555557,0.67605263
2022-02-15 00:35:00,0.48947368421052634,0.73071283
2022-02-15 00:40:00,0.4722222222222223,0.66977245
2022-02-15 00:45:00,0.4000000000000001,0.47785652
2022-02-15 00:50:00,0.36111111111111116,0.4750276
2022-02-15 00:55:00,0.4368421052631579,0.50141376
2022-02-15 01:00:00,0.4111111111111112,0.52421063
2022-02-15 01:05:00,0.43333333333333335,0.55490756
2022-02-15 01:10:00,0.4,0.5339367
2022-02-15 01:15:00,0.4277777777777779,0.41257063
2022-02-15 01:20:00,0.36111111111111105,0.40728036
2022-02-15 01:25:00,0.37222222222222223,0.43512768
2022-02-15 01:30:00,0.4333333333333334,0.46241692
2022-02-15 01:35:00,0.43333333333333335,0.511459
2022-02-15 01:40:00,0.4066666666666667,0.487527
2022-02-15 01:45:00,0.42142857142857154,0.42701793
2022-02-15 01:50:00,0.3666666666666666,0.41701055
2022-02-15 01:55:00,0.3722222222222222,0.44131398
2022-02-15 02:00:00,0.35555555555555557,0.4518215
2022-02-15 02:05:00,0.36111111111111116,0.4697353
2022-02-15 02:10:00,0.33888888888888885,0.4698218
2022-02-15 02:15:00,0.37368421052631584,0.35916895
2022-02-15 02:20:00,0.3277777777777777,0.35494035
2022-02-15 02:25:00,0.34444444444444444,0.38580137
2022-02-15 02:30:00,0.3444444444444444,0.39146712
2022-02-15 02:35:00,0.3368421052631579,0.42202193
2022-02-15 02:40:00,0.33888888888888896,0.42086893
2022-02-15 02:45:00,0.32222222222222224,0.36363876
2022-02-15 02:50:00,0.3555555555555555,0.34972605
2022-02-15 02:55:00,0.3578947368421053,0.3782478
2022-02-15 03:00:00,0.3058823529411764,0.3922545
2022-02-15 03:05:00,0.33888888888888885,0.41563517
2022-02-15 03:10:00,0.3055555555555555,0.4167378
2022-02-15 03:15:00,0.28888888888888886,0.32697794
2022-02-15 03:20:00,0.3277777777777777,0.32151598
2022-02-15 03:25:00,0.29473684210526313,0.35514665
2022-02-15 03:30:00,0.3333333333333333,0.35660493
2022-02-15 03:35:00,0.34444444444444433,0.3790735
2022-02-15 03:40:00,0.3277777777777778,0.3839368
2022-02-15 03:45:00,0.3333333333333333,0.3578003
2022-02-15 03:50:00,0.3714285714285714,0.34910935
2022-02-15 03:55:00,0.3473684210526316,0.38804722
2022-02-15 04:00:00,0.39444444444444454,0.3835132
2022-02-15 04:05:00,0.4277777777777778,0.3837707
2022-02-15 04:10:00,0.8666666666666667,0.3979746
2022-02-15 04:15:00,1.3277777777777777,0.8504083
2022-02-15 04:20:00,1.694444444444444,0.9900483
2022-02-15 04:25:00,1.4777777777777776,0.88798296
2022-02-15 04:30:00,1.1722222222222223,0.7990287
2022-02-15 04:35:00,0.9222222222222225,0.7936642
2022-02-15 04:40:00,0.8111111111111112,0.75761783
2022-02-15 04:45:00,0.6266666666666666,0.80063623
2022-02-15 04:50:00,0.5666666666666667,0.7790882
2022-02-15 04:55:00,0.5333333333333333,0.7899263
2022-02-15 05:00:00,0.4526315789473685,0.67393756
2022-02-15 05:05:00,0.6999999999999998,0.7012343
2022-02-15 05:10:00,0.8888888888888888,0.84465367
2022-02-15 05:15:00,0.9666666666666668,0.86555886
2022-02-15 05:20:00,0.838888888888889,0.87566704
2022-02-15 05:25:00,1.2777777777777777,0.8829218
2022-02-15 05:30:00,1.0166666666666666,0.9171722
2022-02-15 05:35:00,0.8368421052631578,1.1000415
2022-02-15 05:40:00,0.7823529411764707,1.0467381
2022-02-15 05:45:00,0.6888888888888887,0.837291
2022-02-15 05:50:00,0.7333333333333333,0.75187695
2022-02-15 05:55:00,0.9944444444444444,0.692255
2022-02-15 06:00:00,1.016666666666667,0.7459704
2022-02-15 06:05:00,1.9266666666666665,0.7361641
2022-02-15 06:10:00,2.451111111111111,0.7607619
2022-02-15 06:15:00,2.9755555555555553,1.8839891
2022-02-15 06:20:00,3.5,2.5482712
2022-02-15 06:25:00,3.22,2.315167
2022-02-15 06:30:00,3.216666666666667,1.8217942
2022-02-15 06:35:00,3.2133333333333334,1.9325322
2022-02-15 06:40:00,3.21,1.8156933
2022-02-15 06:45:00,3.206666666666667,2.919564
2022-02-15 06:50:00,3.2033333333333336,2.9427645
2022-02-15 06:55:00,3.2,2.832064
2022-02-15 07:00:00,3.3111111111111113,2.5274472
2022-02-15 07:05:00,3.3125000000000004,1.9584795
2022-02-15 07:10:00,3.1153846153846154,2.1772208
2022-02-15 07:15:00,2.6222222222222222,3.0528636
2022-02-15 07:20:00,2.3666666666666663,2.781907
2022-02-15 07:25:00,2.6717948717948716,2.6128097
2022-02-15 07:30:00,2.976923076923077,2.7181144
2022-02-15 07:35:00,1.9722222222222223,2.4246666
2022-02-15 07:40:00,1.2928571428571427,2.5577435
2022-02-15 07:45:00,1.3105263157894735,1.2672234
2022-02-15 07:50:00,0.9722222222222222,1.2911831
2022-02-15 07:55:00,0.9411764705882353,1.2190336
2022-02-15 08:00:00,0.7105263157894735,1.1774513
2022-02-15 08:05:00,0.7666666666666667,1.1329169
2022-02-15 08:10:00,1.8444444444444446,1.1511612
2022-02-15 08:15:00,3.3499999999999996,1.7401503
2022-02-15 08:20:00,3.283333333333333,1.7815346
2022-02-15 08:25:00,3.4,1.7150009
2022-02-15 08:30:00,3.3111111111111104,1.8625214
2022-02-15 08:35:00,3.5,2.1532996
2022-02-15 08:40:00,3.4509090909090907,1.9366897
2022-02-15 08:45:00,3.401818181818182,3.2679656
2022-02-15 08:50:00,3.3527272727272726,3.1317391
2022-02-15 08:55:00,3.3036363636363633,2.6589696
2022-02-15 09:00:00,3.254545454545454,2.6211433
2022-02-15 09:05:00,3.205454545454545,2.049297
2022-02-15 09:10:00,3.156363636363636,2.169299
2022-02-15 09:15:00,3.1072727272727265,3.028152
2022-02-15 09:20:00,3.0581818181818177,2.8555992
2022-02-15 09:25:00,3.0090909090909084,2.6802473
2022-02-15 09:30:00,2.394444444444444,2.8444448
2022-02-15 09:35:00,1.9157894736842105,2.5506744
2022-02-15 09:40:00,1.4666666666666666,2.5486655
2022-02-15 09:45:00,1.2611111111111113,1.4171097
2022-02-15 09:50:00,1.0555555555555556,1.3842641
2022-02-15 09:55:00,0.8777777777777778,1.4686303
2022-02-15 10:00:00,0.7473684210526317,1.4289933
2022-02-15 10:05:00,0.7222222222222221,1.2727365
2022-02-15 10:10:00,0.6,1.3390763
2022-02-15 10:15:00,0.7823529411764707,0.7007837
2022-02-15 10:20:00,1.0052631578947366,0.72571194
2022-02-15 10:25:00,1.3611111111111114,0.68016857
2022-02-15 10:30:00,0.8055555555555556,0.6731476
2022-02-15 10:35:00,0.5555555555555556,0.82111573
2022-02-15 10:40:00,0.4526315789473685,0.8011805
2022-02-15 10:45:00,0.36666666666666664,0.4765725
2022-02-15 10:50:00,0.36111111111111116,0.39864075
2022-02-15 10:55:00,0.27777777777777773,0.45511717
2022-02-15 11:00:00,0.3052631578947368,0.5034471
2022-02-15 11:05:00,0.30588235294117644,0.4596935
2022-02-15 11:10:00,0.3444444444444445,0.49680394
2022-02-15 11:15:00,0.3388888888888889,0.33766177
2022-02-15 11:20:00,0.3277777777777777,0.39495417
2022-02-15 11:25:00,0.3894736842105263,0.46246544
2022-02-15 11:30:00,0.6176470588235294,0.40371764
2022-02-15 11:35:00,0.4111111111111112,0.49922687
2022-02-15 11:40:00,0.42631578947368426,0.48891643
2022-02-15 11:45:00,0.4222222222222223,0.4866087
2022-02-15 11:50:00,0.34444444444444444,0.45854852
2022-02-15 11:55:00,0.3888888888888889,0.43367347
2022-02-15 12:00:00,0.30526315789473685,0.4523262
2022-02-15 12:05:00,0.3933333333333333,0.47992954
2022-02-15 12:10:00,0.39999999999999997,0.48829606
2022-02-15 12:15:00,0.36111111111111105,0.4195962
2022-02-15 12:20:00,0.4555555555555556,0.43789428
2022-02-15 12:25:00,0.38421052631578956,0.45118797
2022-02-15 12:30:00,0.5444444444444443,0.4520304
2022-02-15 12:35:00,0.5933333333333334,0.5325038
2022-02-15 12:40:00,0.4833333333333333,0.5093013
2022-02-15 12:45:00,0.4266666666666667,0.50103796
2022-02-15 12:50:00,0.46111111111111114,0.5224162
2022-02-15 12:55:00,0.4111111111111112,0.5126791
2022-02-15 13:00:00,0.45000000000000007,0.52490145
2022-02-15 13:05:00,0.4631578947368422,0.5198678
2022-02-15 13:10:00,0.3588235294117647,0.48698404
2022-02-15 13:15:00,0.38947368421052636,0.3915713
2022-02-15 13:20:00,0.42777777777777787,0.37782818
2022-02-15 13:25:00,0.35555555555555557,0.42270505
2022-02-15 13:30:00,0.4294117647058823,0.4060814
2022-02-15 13:35:00,0.3166666666666666,0.416074
2022-02-15 13:40:00,0.3470588235294117,0.44886053
2022-02-15 13:45:00,0.25555555555555554,0.3825915
2022-02-15 13:50:00,0.27777777777777773,0.36903057
2022-02-15 13:55:00,0.21111111111111114,0.39327815
2022-02-15 14:00:00,0.21666666666666667,0.40666518
2022-02-15 14:05:00,0.2222222222222222,0.427386
2022-02-15 14:10:00,0.2,0.4285052
